{
  "feature_version": 2,
  "dim": 21,
  "w": [
    -0.130937036798,
    0.0,
    -0.7893975485,
    0.079741025115,
    0.360801373096,
    -0.462541288551,
    -0.740523582353,
    0.360801373096,
    0.34721939619,
    -0.377019902489,
    -0.130835710273,
    -0.16648627492,
    -0.483599543428,
    0.178051507988,
    -0.759703667557,
    -0.027872831982,
    -0.13362360287,
    0.509682678451,
    -0.825379698286,
    0.450090224726,
    -0.0014334208
  ],
  "b": 0.055175425462
}