{
  "version": 1,
  "feature_version": 1,
  "dim": 21,
  "weights": [
    -0.27710035781647724,
    0.0,
    -0.21661269654312157,
    -0.004611862615889655,
    0.0,
    0.0,
    0.0,
    0.0,
    1.1026140629838246,
    0.14095986981032047,
    0.8233523341552416,
    0.4439321956596313,
    1.1026140629838248,
    -0.4341431145530396,
    0.010510052702449115,
    0.09374733938862996,
    0.30243830636678015,
    0.4286767754706602,
    0.29244603273497577,
    0.013600486714431545,
    0.0
  ],
  "note": "Pairwise logistic ranker. raw = dot(weights, features)."
}